{
  "test/mean_score": 0.6144784895634195,
  "test/sim_max_reward_100000": 0.9126134250609871,
  "test/sim_max_reward_100001": 0.8991505802127309,
  "test/sim_max_reward_100002": 0.2039431266612893,
  "test/sim_max_reward_100003": 0.7337303679504841,
  "test/sim_max_reward_100004": 0.01697729766706942,
  "test/sim_max_reward_100005": 0.9932822650563208,
  "test/sim_max_reward_100006": 0.9727000305604582,
  "test/sim_max_reward_100007": 0.8412176185202663,
  "test/sim_max_reward_100008": 0.6673182787273376,
  "test/sim_max_reward_100009": 0.7624802182441206,
  "test/sim_max_reward_100010": 0.4295792670772374,
  "test/sim_max_reward_100011": 0.5399471852851705,
  "test/sim_max_reward_100012": 0.8809890497897676,
  "test/sim_max_reward_100013": 0.6978187312850039,
  "test/sim_max_reward_100014": 0.0,
  "test/sim_max_reward_100015": 0.62983982290834,
  "test/sim_max_reward_100016": 0.4168362171582187,
  "test/sim_max_reward_100017": 0.49243504351122963,
  "test/sim_max_reward_100018": 0.9885051272275003,
  "test/sim_max_reward_100019": 0.5741558789207682,
  "test/sim_max_reward_100020": 0.8095176650183077,
  "test/sim_max_reward_100021": 0.9854302934802907,
  "test/sim_max_reward_100022": 1.0,
  "test/sim_max_reward_100023": 0.0,
  "test/sim_max_reward_100024": 0.215482112347706,
  "test/sim_max_reward_100025": 0.0,
  "test/sim_max_reward_100026": 0.0,
  "test/sim_max_reward_100027": 0.0,
  "test/sim_max_reward_100028": 0.8201557500939687,
  "test/sim_max_reward_100029": 0.9728637711421712,
  "test/sim_max_reward_100030": 0.4003107352335745,
  "test/sim_max_reward_100031": 0.47150303743229754,
  "test/sim_max_reward_100032": 0.8180066467404877,
  "test/sim_max_reward_100033": 0.6156893941231949,
  "test/sim_max_reward_100034": 0.8051785449835714,
  "test/sim_max_reward_100035": 0.0,
  "test/sim_max_reward_100036": 0.984729912446224,
  "test/sim_max_reward_100037": 0.08254868994201044,
  "test/sim_max_reward_100038": 0.0,
  "test/sim_max_reward_100039": 0.9360739975416131,
  "test/sim_max_reward_100040": 0.84924087957628,
  "test/sim_max_reward_100041": 0.9176415861099901,
  "test/sim_max_reward_100042": 0.4570802167748758,
  "test/sim_max_reward_100043": 0.9337087157706231,
  "test/sim_max_reward_100044": 0.4845563973616789,
  "test/sim_max_reward_100045": 0.831929291224526,
  "test/sim_max_reward_100046": 0.9695725940959421,
  "test/sim_max_reward_100047": 0.9998220674836419,
  "test/sim_max_reward_100048": 0.962100951726744,
  "test/sim_max_reward_100049": 0.7472616956969576,
  "test/sim_video_100000": "data/eval_outputs/media/5ww9qoek.mp4",
  "test/sim_video_100001": "data/eval_outputs/media/p1ex31uy.mp4",
  "test/sim_video_100002": "data/eval_outputs/media/5w3vf5ar.mp4",
  "test/sim_video_100003": "data/eval_outputs/media/vewwzbpb.mp4",
  "train/mean_score": 0.5442610172999572,
  "train/sim_max_reward_0": 0.9318009109482815,
  "train/sim_max_reward_1": 0.7686019798401365,
  "train/sim_max_reward_2": 0.19562329020932412,
  "train/sim_max_reward_3": 0.7792648624755869,
  "train/sim_max_reward_4": 0.009503307570729362,
  "train/sim_max_reward_5": 0.5807717527556847,
  "train/sim_video_0": "data/eval_outputs/media/ab2wgmy5.mp4",
  "train/sim_video_1": "data/eval_outputs/media/ivqj6y1v.mp4"
}